Ver,thr,Gops/s
V0,1,0.23891548041476934
V1,1,0.09714933679233775
V1,2,0.017957208946707236
V1,4,0.023684095518096547
V1,8,0.020962883261216113
V1,16,0.018048111951895048
V2,1,0.04607095057843073
V2,2,0.010090569906257394
V2,4,0.006166287983493909
V2,8,0.00588589825574791
V2,16,0.005807687068278284
V3,1,0.11095718653945025
V3,2,0.18456627554889704
V3,4,0.3450256347968944
V3,8,0.6246114974281435
V3,16,0.9810621907215422
V4,1,0.07599986132627914
V4,2,0.11671475339730723
V4,4,0.21710297223516187
V4,8,0.3892379807495204
V4,16,0.7270193072590831
V1a,1,0.1123443447964901
V1a,2,0.03242932098180314
V1a,4,0.015391446344270728
V1a,8,0.014943139518140169
V1a,16,0.01674271607235441
